loss,delay,fast_recovery,md5_hash,ttc
0.5,20,1,4fd45a892ceee6f524f1a838da94130c,0.47745347023010254
0.5,20,1,237c6825133f345c2078593420733d4f,0.34716248512268066
0.5,20,1,083954d3a9b2bf735b5369380ce74be3,0.4098391532897949
0.5,20,1,d41d8cd98f00b204e9800998ecf8427e,0.3311154842376709
